Secure_ID,Link,SMS_Message
078cf80c51c4,https://mvp-nu-six.vercel.app/results/078cf80c51c4.html,안녕하세요! 요청하신 이미지 분석 결과입니다: https://mvp-nu-six.vercel.app/results/078cf80c51c4.html
59b7108c06c5,https://mvp-nu-six.vercel.app/results/59b7108c06c5.html,안녕하세요! 요청하신 이미지 분석 결과입니다: https://mvp-nu-six.vercel.app/results/59b7108c06c5.html
6ddad56b2202,https://mvp-nu-six.vercel.app/results/6ddad56b2202.html,안녕하세요! 요청하신 이미지 분석 결과입니다: https://mvp-nu-six.vercel.app/results/6ddad56b2202.html
709a6d9e989d,https://mvp-nu-six.vercel.app/results/709a6d9e989d.html,안녕하세요! 요청하신 이미지 분석 결과입니다: https://mvp-nu-six.vercel.app/results/709a6d9e989d.html
6b7315a4ee84,https://mvp-nu-six.vercel.app/results/6b7315a4ee84.html,안녕하세요! 요청하신 이미지 분석 결과입니다: https://mvp-nu-six.vercel.app/results/6b7315a4ee84.html
433822db8dae,https://mvp-nu-six.vercel.app/results/433822db8dae.html,안녕하세요! 요청하신 이미지 분석 결과입니다: https://mvp-nu-six.vercel.app/results/433822db8dae.html
1895a19ed33c,https://mvp-nu-six.vercel.app/results/1895a19ed33c.html,안녕하세요! 요청하신 이미지 분석 결과입니다: https://mvp-nu-six.vercel.app/results/1895a19ed33c.html
6799164211c6,https://mvp-nu-six.vercel.app/results/6799164211c6.html,안녕하세요! 요청하신 이미지 분석 결과입니다: https://mvp-nu-six.vercel.app/results/6799164211c6.html
1afcc90d6f9c,https://mvp-nu-six.vercel.app/results/1afcc90d6f9c.html,안녕하세요! 요청하신 이미지 분석 결과입니다: https://mvp-nu-six.vercel.app/results/1afcc90d6f9c.html
995c8f873f16,https://mvp-nu-six.vercel.app/results/995c8f873f16.html,안녕하세요! 요청하신 이미지 분석 결과입니다: https://mvp-nu-six.vercel.app/results/995c8f873f16.html
673185b099c8,https://mvp-nu-six.vercel.app/results/673185b099c8.html,안녕하세요! 요청하신 이미지 분석 결과입니다: https://mvp-nu-six.vercel.app/results/673185b099c8.html
e8e5376abc01,https://mvp-nu-six.vercel.app/results/e8e5376abc01.html,안녕하세요! 요청하신 이미지 분석 결과입니다: https://mvp-nu-six.vercel.app/results/e8e5376abc01.html
7a9b12a02d5d,https://mvp-nu-six.vercel.app/results/7a9b12a02d5d.html,안녕하세요! 요청하신 이미지 분석 결과입니다: https://mvp-nu-six.vercel.app/results/7a9b12a02d5d.html
8f39f54bcfac,https://mvp-nu-six.vercel.app/results/8f39f54bcfac.html,안녕하세요! 요청하신 이미지 분석 결과입니다: https://mvp-nu-six.vercel.app/results/8f39f54bcfac.html
3cf091431237,https://mvp-nu-six.vercel.app/results/3cf091431237.html,안녕하세요! 요청하신 이미지 분석 결과입니다: https://mvp-nu-six.vercel.app/results/3cf091431237.html
4c38226840c9,https://mvp-nu-six.vercel.app/results/4c38226840c9.html,안녕하세요! 요청하신 이미지 분석 결과입니다: https://mvp-nu-six.vercel.app/results/4c38226840c9.html
83d3566d38ee,https://mvp-nu-six.vercel.app/results/83d3566d38ee.html,안녕하세요! 요청하신 이미지 분석 결과입니다: https://mvp-nu-six.vercel.app/results/83d3566d38ee.html
26a2e72e0968,https://mvp-nu-six.vercel.app/results/26a2e72e0968.html,안녕하세요! 요청하신 이미지 분석 결과입니다: https://mvp-nu-six.vercel.app/results/26a2e72e0968.html
24210cd351bb,https://mvp-nu-six.vercel.app/results/24210cd351bb.html,안녕하세요! 요청하신 이미지 분석 결과입니다: https://mvp-nu-six.vercel.app/results/24210cd351bb.html
7925998fe955,https://mvp-nu-six.vercel.app/results/7925998fe955.html,안녕하세요! 요청하신 이미지 분석 결과입니다: https://mvp-nu-six.vercel.app/results/7925998fe955.html
6a45abb9ad94,https://mvp-nu-six.vercel.app/results/6a45abb9ad94.html,안녕하세요! 요청하신 이미지 분석 결과입니다: https://mvp-nu-six.vercel.app/results/6a45abb9ad94.html
77bbd739a5dd,https://mvp-nu-six.vercel.app/results/77bbd739a5dd.html,안녕하세요! 요청하신 이미지 분석 결과입니다: https://mvp-nu-six.vercel.app/results/77bbd739a5dd.html
1dd9226c335a,https://mvp-nu-six.vercel.app/results/1dd9226c335a.html,안녕하세요! 요청하신 이미지 분석 결과입니다: https://mvp-nu-six.vercel.app/results/1dd9226c335a.html
2d736aaa715a,https://mvp-nu-six.vercel.app/results/2d736aaa715a.html,안녕하세요! 요청하신 이미지 분석 결과입니다: https://mvp-nu-six.vercel.app/results/2d736aaa715a.html
17a329564ad9,https://mvp-nu-six.vercel.app/results/17a329564ad9.html,안녕하세요! 요청하신 이미지 분석 결과입니다: https://mvp-nu-six.vercel.app/results/17a329564ad9.html
ff47ac1a501d,https://mvp-nu-six.vercel.app/results/ff47ac1a501d.html,안녕하세요! 요청하신 이미지 분석 결과입니다: https://mvp-nu-six.vercel.app/results/ff47ac1a501d.html
4c016346d5d1,https://mvp-nu-six.vercel.app/results/4c016346d5d1.html,안녕하세요! 요청하신 이미지 분석 결과입니다: https://mvp-nu-six.vercel.app/results/4c016346d5d1.html
dacbe91ee411,https://mvp-nu-six.vercel.app/results/dacbe91ee411.html,안녕하세요! 요청하신 이미지 분석 결과입니다: https://mvp-nu-six.vercel.app/results/dacbe91ee411.html
68703ad4cdbe,https://mvp-nu-six.vercel.app/results/68703ad4cdbe.html,안녕하세요! 요청하신 이미지 분석 결과입니다: https://mvp-nu-six.vercel.app/results/68703ad4cdbe.html
d373b9854553,https://mvp-nu-six.vercel.app/results/d373b9854553.html,안녕하세요! 요청하신 이미지 분석 결과입니다: https://mvp-nu-six.vercel.app/results/d373b9854553.html
dcae8cd2da72,https://mvp-nu-six.vercel.app/results/dcae8cd2da72.html,안녕하세요! 요청하신 이미지 분석 결과입니다: https://mvp-nu-six.vercel.app/results/dcae8cd2da72.html
8ebeac099164,https://mvp-nu-six.vercel.app/results/8ebeac099164.html,안녕하세요! 요청하신 이미지 분석 결과입니다: https://mvp-nu-six.vercel.app/results/8ebeac099164.html
d718be5c0871,https://mvp-nu-six.vercel.app/results/d718be5c0871.html,안녕하세요! 요청하신 이미지 분석 결과입니다: https://mvp-nu-six.vercel.app/results/d718be5c0871.html
9630aac58627,https://mvp-nu-six.vercel.app/results/9630aac58627.html,안녕하세요! 요청하신 이미지 분석 결과입니다: https://mvp-nu-six.vercel.app/results/9630aac58627.html
e6224b5e8218,https://mvp-nu-six.vercel.app/results/e6224b5e8218.html,안녕하세요! 요청하신 이미지 분석 결과입니다: https://mvp-nu-six.vercel.app/results/e6224b5e8218.html
061ffbe24439,https://mvp-nu-six.vercel.app/results/061ffbe24439.html,안녕하세요! 요청하신 이미지 분석 결과입니다: https://mvp-nu-six.vercel.app/results/061ffbe24439.html
afd567a86257,https://mvp-nu-six.vercel.app/results/afd567a86257.html,안녕하세요! 요청하신 이미지 분석 결과입니다: https://mvp-nu-six.vercel.app/results/afd567a86257.html
1e8f92876648,https://mvp-nu-six.vercel.app/results/1e8f92876648.html,안녕하세요! 요청하신 이미지 분석 결과입니다: https://mvp-nu-six.vercel.app/results/1e8f92876648.html
4a91937328ba,https://mvp-nu-six.vercel.app/results/4a91937328ba.html,안녕하세요! 요청하신 이미지 분석 결과입니다: https://mvp-nu-six.vercel.app/results/4a91937328ba.html
3b3bd1ac4cbc,https://mvp-nu-six.vercel.app/results/3b3bd1ac4cbc.html,안녕하세요! 요청하신 이미지 분석 결과입니다: https://mvp-nu-six.vercel.app/results/3b3bd1ac4cbc.html
6420f6211d4c,https://mvp-nu-six.vercel.app/results/6420f6211d4c.html,안녕하세요! 요청하신 이미지 분석 결과입니다: https://mvp-nu-six.vercel.app/results/6420f6211d4c.html
7eb4a289e9f6,https://mvp-nu-six.vercel.app/results/7eb4a289e9f6.html,안녕하세요! 요청하신 이미지 분석 결과입니다: https://mvp-nu-six.vercel.app/results/7eb4a289e9f6.html
2cc68a941478,https://mvp-nu-six.vercel.app/results/2cc68a941478.html,안녕하세요! 요청하신 이미지 분석 결과입니다: https://mvp-nu-six.vercel.app/results/2cc68a941478.html
7eb4a289e9f6,https://mvp-nu-six.vercel.app/results/7eb4a289e9f6.html,안녕하세요! 요청하신 이미지 분석 결과입니다: https://mvp-nu-six.vercel.app/results/7eb4a289e9f6.html
98102871652c,https://mvp-nu-six.vercel.app/results/98102871652c.html,안녕하세요! 요청하신 이미지 분석 결과입니다: https://mvp-nu-six.vercel.app/results/98102871652c.html
e3871c7ec6e3,https://mvp-nu-six.vercel.app/results/e3871c7ec6e3.html,안녕하세요! 요청하신 이미지 분석 결과입니다: https://mvp-nu-six.vercel.app/results/e3871c7ec6e3.html
e89cc738de73,https://mvp-nu-six.vercel.app/results/e89cc738de73.html,안녕하세요! 요청하신 이미지 분석 결과입니다: https://mvp-nu-six.vercel.app/results/e89cc738de73.html
122fc651fe0b,https://mvp-nu-six.vercel.app/results/122fc651fe0b.html,안녕하세요! 요청하신 이미지 분석 결과입니다: https://mvp-nu-six.vercel.app/results/122fc651fe0b.html
61626d388ed0,https://mvp-nu-six.vercel.app/results/61626d388ed0.html,안녕하세요! 요청하신 이미지 분석 결과입니다: https://mvp-nu-six.vercel.app/results/61626d388ed0.html
bf70d0f85bd6,https://mvp-nu-six.vercel.app/results/bf70d0f85bd6.html,안녕하세요! 요청하신 이미지 분석 결과입니다: https://mvp-nu-six.vercel.app/results/bf70d0f85bd6.html
0fd73d82f01d,https://mvp-nu-six.vercel.app/results/0fd73d82f01d.html,안녕하세요! 요청하신 이미지 분석 결과입니다: https://mvp-nu-six.vercel.app/results/0fd73d82f01d.html
c534f35186d9,https://mvp-nu-six.vercel.app/results/c534f35186d9.html,안녕하세요! 요청하신 이미지 분석 결과입니다: https://mvp-nu-six.vercel.app/results/c534f35186d9.html
d3e33e3ecd66,https://mvp-nu-six.vercel.app/results/d3e33e3ecd66.html,안녕하세요! 요청하신 이미지 분석 결과입니다: https://mvp-nu-six.vercel.app/results/d3e33e3ecd66.html
7cef7d102d48,https://mvp-nu-six.vercel.app/results/7cef7d102d48.html,안녕하세요! 요청하신 이미지 분석 결과입니다: https://mvp-nu-six.vercel.app/results/7cef7d102d48.html
cbfb37ff24d5,https://mvp-nu-six.vercel.app/results/cbfb37ff24d5.html,안녕하세요! 요청하신 이미지 분석 결과입니다: https://mvp-nu-six.vercel.app/results/cbfb37ff24d5.html
a946869ac8f4,https://mvp-nu-six.vercel.app/results/a946869ac8f4.html,안녕하세요! 요청하신 이미지 분석 결과입니다: https://mvp-nu-six.vercel.app/results/a946869ac8f4.html
11e3f34f97be,https://mvp-nu-six.vercel.app/results/11e3f34f97be.html,안녕하세요! 요청하신 이미지 분석 결과입니다: https://mvp-nu-six.vercel.app/results/11e3f34f97be.html
59ddf6284225,https://mvp-nu-six.vercel.app/results/59ddf6284225.html,안녕하세요! 요청하신 이미지 분석 결과입니다: https://mvp-nu-six.vercel.app/results/59ddf6284225.html
